{"cameraMode":{"drawMode":0,"name":"Shaded","section":"Shading Mode"},"sceneLighting":true,"audioPlay":false,"sceneViewState":{"m_AlwaysRefresh":false,"showFog":true,"showSkybox":true,"showFlares":true,"showImageEffects":true,"showParticleSystems":true,"showVisualEffectGraphs":true,"m_FxEnabled":true},"in2DMode":false,"pivot":{"x":-0.6154017448425293,"y":-1.070022463798523,"z":-0.23209762573242188},"rotation":{"x":0.14385539293289185,"y":-0.8539305925369263,"z":0.38534146547317507,"w":0.3187881112098694},"size":7.9434967041015629,"orthographic":true}