{"cameraMode":{"drawMode":0,"name":"Shaded","section":"Shading Mode"},"sceneLighting":true,"audioPlay":false,"sceneViewState":{"m_AlwaysRefresh":false,"showFog":true,"showSkybox":true,"showFlares":true,"showImageEffects":true,"showParticleSystems":true,"showVisualEffectGraphs":true,"m_FxEnabled":true},"in2DMode":false,"pivot":{"x":8.725238800048829,"y":1.7881393432617188e-7,"z":-1.3400001525878907},"rotation":{"x":0.7134352326393127,"y":0.003153202123939991,"z":-0.0032104942947626116,"w":0.7007076740264893},"size":4.088399887084961,"orthographic":true}